id,firstName,lastName,email,gender
1,Wood,Dixie,wdixie0@unicef.org,Male
2,Kimberly,Cawthron,kcawthron1@domainmarket.com,Female
3,Roderic,Pourvoieur,rpourvoieur2@wikia.com,Male
4,Abrahan,Gumley,agumley3@sitemeter.com,Male
5,Riordan,Burbury,rburbury4@xing.com,Male
6,Brandi,Vaen,bvaen5@buzzfeed.com,Bigender
7,Julietta,Grigorkin,jgrigorkin6@istockphoto.com,Female
8,Alene,Rae,arae7@apple.com,Female
9,Natassia,Beswell,nbeswell8@opera.com,Female
10,Courtenay,Kopfer,ckopfer9@cpanel.net,Female
11,Matias,Necrews,mnecrewsa@constantcontact.com,Male
12,Cyndy,Doumenc,cdoumencb@smugmug.com,Female
13,Justine,Sustins,jsustinsc@icq.com,Female
14,Aigneis,Risbie,arisbied@wordpress.com,Female
15,Joceline,Duke,jdukee@umich.edu,Female
16,Harmon,Vigers,hvigersf@oracle.com,Male
17,Alden,Skamal,askamalg@bbc.co.uk,Male
18,Isadora,Petrecz,ipetreczh@spiegel.de,Female
19,Roderigo,Dalinder,rdalinderi@princeton.edu,Male
20,Davey,Attwoull,dattwoullj@yolasite.com,Male
21,Conney,Mansbridge,cmansbridgek@ow.ly,Male
22,Shawn,Parnell,sparnelll@weibo.com,Male
23,Jeanne,Hiers,jhiersm@google.it,Female
24,Fiona,Scruton,fscrutonn@wikimedia.org,Female
25,Dominga,Kobes,dkobeso@tripadvisor.com,Female
26,Donia,Petri,dpetrip@fastcompany.com,Female
27,Tallie,O'Rourke,torourkeq@ebay.com,Female
28,Jedidiah,Brocklebank,jbrocklebankr@istockphoto.com,Male
29,Tory,Dunbabin,tdunbabins@umn.edu,Female
30,Thorstein,Schutt,tschuttt@apache.org,Polygender
31,Wilhelm,Habershon,whabershonu@opera.com,Male
32,Sloane,Bumford,sbumfordv@jalbum.net,Bigender
33,Cello,Barbara,cbarbaraw@symantec.com,Non-binary
34,Clareta,Filgate,cfilgatex@over-blog.com,Female
35,Lionello,Cursons,lcursonsy@cloudflare.com,Male
36,Jaquelin,Abbison,jabbisonz@zimbio.com,Female
37,Putnem,Lawlings,plawlings10@scientificamerican.com,Male
38,Nil,Jeste,njeste11@woothemes.com,Male
39,Carrie,Della,cdella12@reuters.com,Female
40,Gradeigh,Tolson,gtolson13@usatoday.com,Male
41,Ninnetta,Fforde,nfforde14@uol.com.br,Female
42,Nappy,Tavernor,ntavernor15@msn.com,Male
43,Ailsun,Doxey,adoxey16@odnoklassniki.ru,Female
44,Kaitlin,Izchaki,kizchaki17@kickstarter.com,Female
45,Niel,Habin,nhabin18@t.co,Male
46,Eileen,Huckabe,ehuckabe19@redcross.org,Female
47,Annalee,Cornilli,acornilli1a@wufoo.com,Female
48,Mel,Anthill,manthill1b@skype.com,Female
49,Delainey,Silverthorne,dsilverthorne1c@a8.net,Non-binary
50,Laure,Blind,lblind1d@macromedia.com,Female
51,Des,Dalinder,ddalinder1e@1688.com,Male
52,Dara,Ryrie,dryrie1f@sourceforge.net,Female
53,Roxy,Sleit,rsleit1g@blogs.com,Female
54,Jerrome,Sirrell,jsirrell1h@linkedin.com,Male
55,Brandea,Rens,brens1i@phoca.cz,Female
56,Inger,Doleman,idoleman1j@yandex.ru,Male
57,Sandor,Cluse,scluse1k@patch.com,Male
58,Maryl,Joy,mjoy1l@jigsy.com,Female
59,Betsy,Yesson,byesson1m@seesaa.net,Polygender
60,Hewe,Pontefract,hpontefract1n@washington.edu,Agender
61,Kirsten,Deluce,kdeluce1o@uol.com.br,Non-binary
62,Otes,Munns,omunns1p@cargocollective.com,Male
63,Randee,Antecki,rantecki1q@psu.edu,Agender
64,Nisse,McBrady,nmcbrady1r@msu.edu,Female
65,Michaela,Kirsop,mkirsop1s@netvibes.com,Female
66,Kelsi,Tregenza,ktregenza1t@ebay.com,Female
67,Annelise,Barkhouse,abarkhouse1u@diigo.com,Female
68,Sigmund,Henzley,shenzley1v@issuu.com,Male
69,Way,Thying,wthying1w@cargocollective.com,Male
70,Gratia,Wylam,gwylam1x@google.de,Agender
71,Ernestus,Dyment,edyment1y@phpbb.com,Male
72,Dolli,Walliker,dwalliker1z@hubpages.com,Female
73,Clarabelle,Phipps,cphipps20@nature.com,Female
74,Spike,Casperri,scasperri21@comsenz.com,Male
75,Lucinda,Donke,ldonke22@fotki.com,Female
76,Mercy,McEntegart,mmcentegart23@etsy.com,Female
77,Prue,Cartmael,pcartmael24@tumblr.com,Genderqueer
78,Janey,Vinas,jvinas25@twitter.com,Female
79,Aubine,Costell,acostell26@prnewswire.com,Female
80,Sherlock,Sebire,ssebire27@free.fr,Male
81,Codee,O'Currine,cocurrine28@nhs.uk,Female
82,Upton,Proffitt,uproffitt29@abc.net.au,Male
83,Garret,Gorger,ggorger2a@eepurl.com,Male
84,Merell,Newick,mnewick2b@discovery.com,Male
85,Olivette,Staton,ostaton2c@live.com,Female
86,Rafi,Enga,renga2d@blogger.com,Male
87,Berri,Duddle,bduddle2e@cloudflare.com,Female
88,Nealy,Offell,noffell2f@facebook.com,Male
89,Zara,Ranby,zranby2g@moonfruit.com,Female
90,Darby,Heminsley,dheminsley2h@artisteer.com,Female
91,Emmeline,Gillooly,egillooly2i@live.com,Female
92,Erika,Monkton,emonkton2j@wsj.com,Female
93,Berti,Rozzell,brozzell2k@simplemachines.org,Male
94,Skipper,Lannen,slannen2l@hhs.gov,Male
95,Antoni,Heselwood,aheselwood2m@google.es,Male
96,Noni,Vanyutin,nvanyutin2n@theatlantic.com,Female
97,Kathie,Kisby,kkisby2o@utexas.edu,Genderfluid
98,Cathy,Carstairs,ccarstairs2p@etsy.com,Female
99,Debra,Entwisle,dentwisle2q@go.com,Female
100,Eulalie,Gibbe,egibbe2r@tumblr.com,Female
101,Rebeka,Glentz,rglentz2s@cyberchimps.com,Bigender
102,Heywood,Broscombe,hbroscombe2t@baidu.com,Male
103,Jocelin,Dighton,jdighton2u@xing.com,Female
104,Cristi,Enrique,cenrique2v@tmall.com,Female
105,Hervey,Perri,hperri2w@i2i.jp,Male
106,Beitris,Lockett,blockett2x@cloudflare.com,Female
107,Adair,Dolligon,adolligon2y@apple.com,Male
108,Kit,McGauhy,kmcgauhy2z@bbc.co.uk,Polygender
109,Obed,Swires,oswires30@github.io,Male
110,Celisse,Puzey,cpuzey31@chicagotribune.com,Female
111,Dimitri,Dalligan,ddalligan32@dion.ne.jp,Genderfluid
112,Colver,Guyver,cguyver33@npr.org,Male
113,Kristan,Stanley,kstanley34@independent.co.uk,Female
114,Adriena,Brandli,abrandli35@dyndns.org,Female
115,Monroe,Alexandrou,malexandrou36@flavors.me,Male
116,Nappie,Kenworthey,nkenworthey37@prweb.com,Male
117,Stephen,Meran,smeran38@google.es,Male
118,Boycey,McCrackem,bmccrackem39@toplist.cz,Male
119,Clark,Odam,codam3a@google.com.au,Male
120,Morey,Kuhl,mkuhl3b@dion.ne.jp,Male
121,Ted,Patemore,tpatemore3c@fc2.com,Female
122,Constancy,Bish,cbish3d@dmoz.org,Female
123,Deloria,Adrien,dadrien3e@mlb.com,Female
124,Issi,Greensitt,igreensitt3f@icq.com,Female
125,Willem,Dreus,wdreus3g@wikispaces.com,Male
126,Fidelia,Leftbridge,fleftbridge3h@studiopress.com,Female
127,Ezequiel,Reeveley,ereeveley3i@zimbio.com,Male
128,Jolynn,Colkett,jcolkett3j@wired.com,Female
129,Lotty,Morsom,lmorsom3k@redcross.org,Female
130,Wyatan,Fritchly,wfritchly3l@webmd.com,Male
131,Vanda,Corrett,vcorrett3m@cbsnews.com,Female
132,Florence,Cartmill,fcartmill3n@amazon.de,Female
133,Benedikt,Scholcroft,bscholcroft3o@time.com,Male
134,Dolley,Handley,dhandley3p@nba.com,Female
135,Antonino,Gosling,agosling3q@booking.com,Male
136,Lawry,Sisse,lsisse3r@gizmodo.com,Male
137,Marthena,Abramof,mabramof3s@aol.com,Female
138,Duke,Crisell,dcrisell3t@ca.gov,Male
139,Cherrita,Waud,cwaud3u@biglobe.ne.jp,Female
140,Ruy,Patient,rpatient3v@mashable.com,Male
141,Red,Chinge de Hals,rchingedehals3w@imgur.com,Male
142,Myrta,Molohan,mmolohan3x@skype.com,Female
143,Salomone,Matuszinski,smatuszinski3y@google.de,Male
144,Shanie,Grigoliis,sgrigoliis3z@prlog.org,Female
145,Alistair,Kennermann,akennermann40@archive.org,Male
146,Jeanie,Channer,jchanner41@senate.gov,Female
147,Consalve,McAtamney,cmcatamney42@purevolume.com,Male
148,Noelyn,Maginn,nmaginn43@time.com,Female
149,Tyne,Coverdale,tcoverdale44@hibu.com,Female
150,Isabeau,Jeaycock,ijeaycock45@japanpost.jp,Female
151,Ingra,Cressingham,icressingham46@fema.gov,Male
152,Fran,Heber,fheber47@pen.io,Female
153,Melloney,Deetlefs,mdeetlefs48@gmpg.org,Female
154,Gratiana,Speechley,gspeechley49@lycos.com,Female
155,Si,Braunes,sbraunes4a@opera.com,Male
156,Liza,Mattevi,lmattevi4b@aol.com,Female
157,Carny,Tringham,ctringham4c@live.com,Male
158,Foss,Kemetz,fkemetz4d@oakley.com,Male
159,Else,Rowett,erowett4e@tripadvisor.com,Female
160,Cosmo,Plimmer,cplimmer4f@nba.com,Male
161,Marchelle,Janota,mjanota4g@baidu.com,Female
162,Tallie,Tousey,ttousey4h@bbb.org,Female
163,Emili,Gytesham,egytesham4i@elpais.com,Agender
164,Sigvard,Mc Kellen,smckellen4j@un.org,Male
165,Blanche,Djokic,bdjokic4k@epa.gov,Genderfluid
166,Huberto,Dirkin,hdirkin4l@google.com.au,Male
167,Hubert,Livingston,hlivingston4m@google.pl,Male
168,Reggi,Davidovic,rdavidovic4n@exblog.jp,Female
169,Amie,Rene,arene4o@shop-pro.jp,Female
170,Demetris,Ambroisin,dambroisin4p@altervista.org,Male
171,Siffre,Heselwood,sheselwood4q@cdc.gov,Male
172,Desmond,Orfeur,dorfeur4r@dailymotion.com,Male
173,Cyndia,Kissock,ckissock4s@mail.ru,Female
174,Dore,Forsdyke,dforsdyke4t@who.int,Female
175,Rossie,Mochan,rmochan4u@marriott.com,Male
176,Gibbie,Ewells,gewells4v@google.es,Male
177,Glyn,Barrable,gbarrable4w@geocities.com,Female
178,Fae,Tomaselli,ftomaselli4x@furl.net,Female
179,Thorvald,Roswarn,troswarn4y@paypal.com,Polygender
180,Louise,Haithwaite,lhaithwaite4z@ow.ly,Female
181,Jay,Rowbury,jrowbury50@bloglovin.com,Male
182,Banky,Bretland,bbretland51@spotify.com,Genderfluid
183,Idalina,Bellchamber,ibellchamber52@dailymail.co.uk,Female
184,Maryanna,Kerwin,mkerwin53@who.int,Female
185,Ogdon,Barson,obarson54@theatlantic.com,Male
186,Hilliary,Siege,hsiege55@hibu.com,Female
187,Timofei,Gayter,tgayter56@google.com.hk,Male
188,Mary,Lehrmann,mlehrmann57@de.vu,Female
189,Filia,MacClinton,fmacclinton58@mapy.cz,Female
190,Enriqueta,Brunon,ebrunon59@quantcast.com,Female
191,Arly,Martill,amartill5a@4shared.com,Female
192,El,Batisse,ebatisse5b@thetimes.co.uk,Male
193,Storm,Guyonneau,sguyonneau5c@cam.ac.uk,Polygender
194,Fiona,Flatman,fflatman5d@soup.io,Female
195,Amos,Gemson,agemson5e@de.vu,Male
196,Miran,Simoes,msimoes5f@columbia.edu,Female
197,Rivkah,Domesday,rdomesday5g@whitehouse.gov,Female
198,Ikey,Bosket,ibosket5h@tinypic.com,Male
199,Briant,Chiverton,bchiverton5i@nytimes.com,Male
200,Michaeline,Debrett,mdebrett5j@dagondesign.com,Female
201,Jozef,Towsie,jtowsie5k@printfriendly.com,Male
202,Denice,Marczyk,dmarczyk5l@last.fm,Female
203,Babbie,Jeannenet,bjeannenet5m@newyorker.com,Female
204,Willey,Korneichik,wkorneichik5n@abc.net.au,Male
205,Judy,Goodlud,jgoodlud5o@tmall.com,Female
206,Lisette,Sketchley,lsketchley5p@acquirethisname.com,Female
207,Lissa,Janowicz,ljanowicz5q@jalbum.net,Female
208,Tessie,Tunna,ttunna5r@cisco.com,Bigender
209,Cori,Mangin,cmangin5s@nsw.gov.au,Female
210,Celeste,Coolahan,ccoolahan5t@smh.com.au,Female
211,Angelia,Baud,abaud5u@amazon.de,Genderfluid
212,Nicky,Sleite,nsleite5v@sakura.ne.jp,Male
213,Mathian,Danahar,mdanahar5w@goodreads.com,Male
214,Kizzee,Capineer,kcapineer5x@unc.edu,Female
215,Luigi,Syphas,lsyphas5y@sfgate.com,Male
216,Carson,Grocott,cgrocott5z@edublogs.org,Male
217,Colene,Sperrett,csperrett60@elpais.com,Female
218,Virge,Pettegre,vpettegre61@google.es,Male
219,Lalo,Buist,lbuist62@bravesites.com,Male
220,Fletcher,Enticott,fenticott63@hexun.com,Male
221,Clarie,Summersby,csummersby64@bigcartel.com,Female
222,Liuka,Sterzaker,lsterzaker65@aboutads.info,Bigender
223,Sinclair,Langthorn,slangthorn66@t.co,Male
224,Prissie,Rubberts,prubberts67@eepurl.com,Female
225,Pancho,Searl,psearl68@sourceforge.net,Genderfluid
226,Kelsey,Camoys,kcamoys69@myspace.com,Female
227,Phylys,Barrett,pbarrett6a@vimeo.com,Female
228,Robinet,Weddup,rweddup6b@weibo.com,Genderqueer
229,Katerine,Eastmead,keastmead6c@clickbank.net,Female
230,Cathy,Moland,cmoland6d@whitehouse.gov,Agender
231,De witt,Garahan,dgarahan6e@dailymail.co.uk,Male
232,Corrie,Downie,cdownie6f@google.nl,Male
233,Catha,Steddall,csteddall6g@house.gov,Female
234,Loretta,Sparhawk,lsparhawk6h@elegantthemes.com,Female
235,Elysia,Wiltshear,ewiltshear6i@oracle.com,Female
236,Bill,Downer,bdowner6j@samsung.com,Male
237,Sibyl,Osanne,sosanne6k@lulu.com,Male
238,Marlon,Findlow,mfindlow6l@bloglovin.com,Male
239,Ferd,Reggiani,freggiani6m@soup.io,Male
240,Damaris,Mole,dmole6n@squidoo.com,Female
241,Merrili,Winsper,mwinsper6o@cam.ac.uk,Female
242,Randy,Cromer,rcromer6p@phoca.cz,Agender
243,Onfre,Grzeszczyk,ogrzeszczyk6q@nature.com,Male
244,Willie,OIlier,woilier6r@studiopress.com,Agender
245,Shell,Shyre,sshyre6s@deviantart.com,Male
246,Philbert,Chawkley,pchawkley6t@wikia.com,Agender
247,Paulina,Gulvin,pgulvin6u@parallels.com,Female
248,Murdock,Rearden,mrearden6v@dell.com,Male
249,Sarine,Torrance,storrance6w@discuz.net,Female
250,Chiquita,Hudel,chudel6x@bigcartel.com,Female
251,Kit,Kuller,kkuller6y@adobe.com,Female
252,Alidia,Marre,amarre6z@godaddy.com,Female
253,Forbes,Turton,fturton70@un.org,Male
254,Quintin,Hawley,qhawley71@hostgator.com,Male
255,Chico,Tyrone,ctyrone72@quantcast.com,Non-binary
256,Oralla,Pinnere,opinnere73@biglobe.ne.jp,Female
257,Manda,Carney,mcarney74@harvard.edu,Female
258,Moselle,Tookill,mtookill75@t.co,Female
259,Orlando,Domenge,odomenge76@youtube.com,Male
260,Domenic,Decreuze,ddecreuze77@cafepress.com,Male
261,Evered,Nisbet,enisbet78@mlb.com,Male
262,Jock,Weildish,jweildish79@nps.gov,Male
263,Royal,Pineaux,rpineaux7a@amazon.de,Male
264,Shurlocke,Hounsham,shounsham7b@opera.com,Male
265,Marlyn,Pilgram,mpilgram7c@deliciousdays.com,Female
266,Egan,Cesaric,ecesaric7d@woothemes.com,Male
267,Petronella,Gowling,pgowling7e@1688.com,Female
268,Andre,Holwell,aholwell7f@dagondesign.com,Agender
269,Cirilo,Woodroofe,cwoodroofe7g@altervista.org,Male
270,Cortney,Wilshaw,cwilshaw7h@bluehost.com,Female
271,Karel,Balloch,kballoch7i@yelp.com,Male
272,Paten,Bohlin,pbohlin7j@ed.gov,Male
273,Bryce,Sheryn,bsheryn7k@bigcartel.com,Male
274,Michelle,Ganiclef,mganiclef7l@de.vu,Female
275,Grant,Gilsthorpe,ggilsthorpe7m@stanford.edu,Genderfluid
276,Mannie,Chipp,mchipp7n@google.com.au,Male
277,Timmy,Vanyutin,tvanyutin7o@salon.com,Male
278,Farah,Barthram,fbarthram7p@prlog.org,Female
279,Romona,Ashe,rashe7q@alexa.com,Female
280,Lind,Tenpenny,ltenpenny7r@bloglines.com,Female
281,Larry,Stappard,lstappard7s@nifty.com,Male
282,Iain,Stummeyer,istummeyer7t@dot.gov,Male
283,Cordie,Pridie,cpridie7u@nymag.com,Female
284,Liesa,Lemonnier,llemonnier7v@aboutads.info,Female
285,Redd,Tames,rtames7w@wordpress.org,Male
286,Jamey,Brabender,jbrabender7x@feedburner.com,Male
287,Padraic,Geal,pgeal7y@phoca.cz,Male
288,Corinna,Cluatt,ccluatt7z@quantcast.com,Female
289,Lars,Smullen,lsmullen80@merriam-webster.com,Male
290,Kelila,Lamberth,klamberth81@storify.com,Female
291,Juli,Fieldstone,jfieldstone82@pcworld.com,Female
292,Kelsi,Matfield,kmatfield83@wordpress.org,Female
293,Zeb,Beal,zbeal84@arstechnica.com,Male
294,Rowland,Style,rstyle85@mysql.com,Male
295,Gilbertine,Mulles,gmulles86@unc.edu,Female
296,Rozella,Whitta,rwhitta87@nba.com,Female
297,Dusty,Hallbird,dhallbird88@trellian.com,Female
298,Tamma,Harriagn,tharriagn89@ucoz.ru,Female
299,Beatrice,Barbrick,bbarbrick8a@dailymail.co.uk,Agender
300,Domingo,Laydon,dlaydon8b@blogtalkradio.com,Genderfluid
301,Donn,Timbridge,dtimbridge8c@storify.com,Male
302,Renaud,Grushin,rgrushin8d@cnet.com,Male
303,Natalya,Beauman,nbeauman8e@amazon.de,Female
304,Rosella,Jellman,rjellman8f@moonfruit.com,Female
305,Bari,Pockett,bpockett8g@posterous.com,Female
306,Selinda,Crannell,scrannell8h@php.net,Female
307,Jeremiah,Bitcheno,jbitcheno8i@vk.com,Male
308,Benjamen,Beszant,bbeszant8j@columbia.edu,Genderfluid
309,Vidovik,Santos,vsantos8k@cyberchimps.com,Male
310,Waverley,Orae,worae8l@cam.ac.uk,Male
311,Libby,Mauditt,lmauditt8m@about.com,Female
312,Irene,Tresise,itresise8n@webs.com,Female
313,Leia,Pleven,lpleven8o@arstechnica.com,Female
314,Alfred,Bernardoux,abernardoux8p@pcworld.com,Male
315,Abbe,Conochie,aconochie8q@hao123.com,Male
316,Maximilianus,Ladell,mladell8r@newsvine.com,Male
317,Winfield,MacHarg,wmacharg8s@microsoft.com,Male
318,Marnia,Sanger,msanger8t@telegraph.co.uk,Female
319,Berri,Normanvell,bnormanvell8u@ibm.com,Female
320,Daron,Bafford,dbafford8v@dailymail.co.uk,Male
321,Giorgio,Schubuser,gschubuser8w@photobucket.com,Male
322,Dalenna,Attock,dattock8x@php.net,Female
323,Faye,Essery,fessery8y@wired.com,Female
324,Madge,Fermer,mfermer8z@dagondesign.com,Female
325,Flory,Clemon,fclemon90@spotify.com,Male
326,Iolanthe,Midlane,imidlane91@aboutads.info,Female
327,Jobyna,Verne,jverne92@vkontakte.ru,Female
328,Mahala,Habens,mhabens93@spiegel.de,Female
329,Rinaldo,McGavin,rmcgavin94@salon.com,Male
330,Zahara,Lowle,zlowle95@europa.eu,Female
331,Eleen,Warbrick,ewarbrick96@ustream.tv,Non-binary
332,Sanderson,Dubbin,sdubbin97@ftc.gov,Male
333,Sheilakathryn,De Domenici,sdedomenici98@prnewswire.com,Bigender
334,Seka,Vinnick,svinnick99@miitbeian.gov.cn,Female
335,Thibaut,Trouel,ttrouel9a@ucoz.com,Male
336,Kristopher,Euesden,keuesden9b@skyrock.com,Male
337,Beryle,Skeech,bskeech9c@hao123.com,Female
338,Rivkah,Apps,rapps9d@gmpg.org,Genderfluid
339,Charissa,Sutliff,csutliff9e@blog.com,Female
340,Walker,Althrope,walthrope9f@artisteer.com,Male
341,Craggy,McRannell,cmcrannell9g@state.tx.us,Male
342,Clarice,Lafrentz,clafrentz9h@elpais.com,Female
343,Aurore,Coolbear,acoolbear9i@ycombinator.com,Female
344,Philip,Gellately,pgellately9j@mtv.com,Male
345,Barbara,O'Nions,bonions9k@home.pl,Female
346,Barnard,Ferreo,bferreo9l@bbb.org,Male
347,Paola,Haycox,phaycox9m@auda.org.au,Non-binary
348,Arlene,Guillet,aguillet9n@marriott.com,Female
349,Borden,Godart,bgodart9o@t.co,Bigender
350,Daniela,Regi,dregi9p@123-reg.co.uk,Female
351,Janifer,Pedrozzi,jpedrozzi9q@newyorker.com,Female
352,Joell,McClancy,jmcclancy9r@intel.com,Female
353,Seth,Heaphy,sheaphy9s@mapquest.com,Male
354,Valaree,Morkham,vmorkham9t@home.pl,Female
355,Kelli,McLarty,kmclarty9u@si.edu,Female
356,Wallas,Matej,wmatej9v@paypal.com,Male
357,Judon,Jindrak,jjindrak9w@tumblr.com,Male
358,Tadio,Duffell,tduffell9x@amazon.de,Male
359,Inga,Dymocke,idymocke9y@umn.edu,Female
360,Dorotea,Maciejewski,dmaciejewski9z@smh.com.au,Female
361,Gina,Arro,garroa0@livejournal.com,Female
362,Munmro,Winsbury,mwinsburya1@msn.com,Male
363,Felicia,Thurnham,fthurnhama2@ca.gov,Female
364,Binnie,Durning,bdurninga3@skype.com,Female
365,Leonelle,Chismon,lchismona4@blogger.com,Genderqueer
366,Kevon,Garrit,kgarrita5@themeforest.net,Male
367,Dav,Kellard,dkellarda6@fastcompany.com,Polygender
368,Rosalynd,Kenyam,rkenyama7@homestead.com,Female
369,Glendon,Simonini,gsimoninia8@wikimedia.org,Male
370,Allis,Torre,atorrea9@hp.com,Female
371,Tony,Harkess,tharkessaa@tripod.com,Male
372,Filia,Kilbane,fkilbaneab@bloglines.com,Genderfluid
373,Kalle,Bownd,kbowndac@plala.or.jp,Male
374,Kari,Mapletoft,kmapletoftad@squarespace.com,Female
375,Red,Yelyashev,ryelyashevae@ted.com,Male
376,Jordan,Callam,jcallamaf@psu.edu,Female
377,Giffard,Kienzle,gkienzleag@cmu.edu,Polygender
378,Judah,Targetter,jtargetterah@w3.org,Non-binary
379,Kenon,Punt,kpuntai@ameblo.jp,Male
380,Silvanus,O'Canavan,socanavanaj@wordpress.org,Male
381,Magdalene,Gooden,mgoodenak@freewebs.com,Female
382,Merrill,Silbermann,msilbermannal@people.com.cn,Male
383,Stormi,Cussons,scussonsam@examiner.com,Female
384,Standford,Ligoe,sligoean@psu.edu,Male
385,Neale,Lowsely,nlowselyao@addthis.com,Polygender
386,Pancho,Silverston,psilverstonap@guardian.co.uk,Male
387,Marten,Mountney,mmountneyaq@jugem.jp,Male
388,Towny,Kitley,tkitleyar@scribd.com,Genderfluid
389,Lucretia,Trotter,ltrotteras@symantec.com,Female
390,Stevena,Benian,sbenianat@webs.com,Female
391,Amerigo,Andriolli,aandriolliau@tmall.com,Male
392,Alene,Mathou,amathouav@dmoz.org,Female
393,Mata,Jerg,mjergaw@sitemeter.com,Male
394,Arlee,Cases,acasesax@free.fr,Female
395,Joachim,Manolov,jmanolovay@sciencedirect.com,Male
396,Tiebold,Sargood,tsargoodaz@craigslist.org,Male
397,Kania,Varley,kvarleyb0@youtu.be,Female
398,Teodora,Gerriessen,tgerriessenb1@surveymonkey.com,Female
399,Jorge,Froschauer,jfroschauerb2@shareasale.com,Male
400,Trace,Dugmore,tdugmoreb3@washingtonpost.com,Male
401,Hedwig,Puller,hpullerb4@guardian.co.uk,Female
402,Alfons,Bernhardsson,abernhardssonb5@yale.edu,Male
403,Audra,Hindenberger,ahindenbergerb6@com.com,Female
404,Constance,McRannell,cmcrannellb7@theatlantic.com,Non-binary
405,Angy,Wearn,awearnb8@gmpg.org,Non-binary
406,Kristal,Medlin,kmedlinb9@theguardian.com,Female
407,Loy,O'Spellissey,lospellisseyba@ovh.net,Male
408,Lesley,Adolfson,ladolfsonbb@instagram.com,Male
409,Chadwick,Giacopello,cgiacopellobc@ocn.ne.jp,Male
410,Ingrim,Ferras,iferrasbd@indiegogo.com,Male
411,Linnea,Alven,lalvenbe@ustream.tv,Female
412,Brigida,Danieli,bdanielibf@loc.gov,Female
413,Fina,Althorpe,falthorpebg@yahoo.co.jp,Female
414,Janeen,Sturdgess,jsturdgessbh@theguardian.com,Female
415,Hewe,Wisker,hwiskerbi@utexas.edu,Male
416,Dara,Greenhough,dgreenhoughbj@yelp.com,Female
417,Chicky,Weatherburn,cweatherburnbk@berkeley.edu,Bigender
418,Valma,Grimm,vgrimmbl@w3.org,Female
419,Rolando,O' Donohoe,rodonohoebm@a8.net,Male
420,Will,Steen,wsteenbn@nps.gov,Male
421,Buddy,Stert,bstertbo@scientificamerican.com,Male
422,Berky,Browncey,bbrownceybp@reuters.com,Male
423,Hayden,Mallall,hmallallbq@sphinn.com,Male
424,Glenine,Foulks,gfoulksbr@wsj.com,Female
425,Betsey,Pipping,bpippingbs@oakley.com,Female
426,Emmalee,Branwhite,ebranwhitebt@joomla.org,Female
427,Jana,Rossbrooke,jrossbrookebu@tripadvisor.com,Female
428,Lily,Geistmann,lgeistmannbv@noaa.gov,Female
429,Eddy,Saffon,esaffonbw@woothemes.com,Male
430,Rutledge,Coathup,rcoathupbx@deviantart.com,Male
431,Kelsy,McRinn,kmcrinnby@cbc.ca,Genderfluid
432,Marcy,Philpots,mphilpotsbz@epa.gov,Non-binary
433,Regen,McGeouch,rmcgeouchc0@hubpages.com,Male
434,Humfrid,Dwelley,hdwelleyc1@cbc.ca,Male
435,Kala,Longden,klongdenc2@rakuten.co.jp,Female
436,Shaylah,Delahunty,sdelahuntyc3@archive.org,Female
437,Lothario,Booton,lbootonc4@exblog.jp,Male
438,Winna,Jiroudek,wjiroudekc5@list-manage.com,Genderqueer
439,Celestina,Crossman,ccrossmanc6@mozilla.com,Female
440,Livvyy,Clampett,lclampettc7@yellowpages.com,Female
441,Bram,Pala,bpalac8@wikimedia.org,Male
442,Aviva,Belford,abelfordc9@baidu.com,Genderfluid
443,Morganica,Shore,mshoreca@time.com,Female
444,Peterus,Donneely,pdonneelycb@dailymail.co.uk,Male
445,Jedidiah,Butler-Bowdon,jbutlerbowdoncc@about.me,Male
446,Benni,Loraine,blorainecd@prnewswire.com,Female
447,Michale,Whyffen,mwhyffence@aol.com,Male
448,Saunder,Over,sovercf@de.vu,Male
449,Godfrey,Franzotto,gfranzottocg@wired.com,Male
450,Dianna,Dyson,ddysonch@toplist.cz,Agender
451,Pedro,Connop,pconnopci@hatena.ne.jp,Male
452,Ruddie,Rowdell,rrowdellcj@ask.com,Genderfluid
453,Tiffany,Loxdale,tloxdaleck@t.co,Female
454,Kandy,Gerhartz,kgerhartzcl@storify.com,Female
455,Ginger,Paynton,gpayntoncm@narod.ru,Male
456,Rasia,Shrubsall,rshrubsallcn@zdnet.com,Female
457,Noble,Lee,nleeco@si.edu,Male
458,Ambrosius,Escritt,aescrittcp@ted.com,Male
459,Wheeler,Ducham,wduchamcq@wikimedia.org,Male
460,Burgess,Hedge,bhedgecr@squarespace.com,Male
461,Emerson,Pickard,epickardcs@wiley.com,Male
462,Leticia,Briscam,lbriscamct@discovery.com,Bigender
463,Shayla,Begent,sbegentcu@nhs.uk,Female
464,Jerrie,Dowle,jdowlecv@harvard.edu,Female
465,Rosamund,Masurel,rmasurelcw@altervista.org,Female
466,Sibel,While,swhilecx@newyorker.com,Female
467,Woodman,Eldon,weldoncy@unicef.org,Male
468,Isadore,Claesens,iclaesenscz@epa.gov,Bigender
469,Branden,Ordelt,bordeltd0@tinypic.com,Male
470,Willyt,Lendrem,wlendremd1@wunderground.com,Female
471,Dino,Jenicke,djenicked2@mashable.com,Male
472,Eric,Mabbutt,emabbuttd3@hexun.com,Male
473,Dietrich,McRuvie,dmcruvied4@marketwatch.com,Male
474,Obie,De Gregorio,odegregoriod5@fema.gov,Male
475,Tallia,Piddle,tpiddled6@wired.com,Female
476,Emery,Pues,epuesd7@cdc.gov,Agender
477,Franciskus,Shrimplin,fshrimplind8@free.fr,Bigender
478,Glory,Brader,gbraderd9@stumbleupon.com,Female
479,Lorry,Rodrig,lrodrigda@yandex.ru,Male
480,Lorena,Thornewell,lthornewelldb@usnews.com,Female
481,Mirna,Ierland,mierlanddc@blinklist.com,Female
482,Dinah,Stennine,dstenninedd@java.com,Female
483,Sallyann,Rendell,srendellde@slideshare.net,Female
484,Roderigo,Skeete,rskeetedf@nhs.uk,Male
485,Verene,Packwood,vpackwooddg@ed.gov,Female
486,Zachery,Deinhard,zdeinharddh@sourceforge.net,Male
487,Cooper,Nixon,cnixondi@shinystat.com,Male
488,Claretta,Kasper,ckasperdj@cafepress.com,Female
489,Noam,Wadge,nwadgedk@bizjournals.com,Male
490,Rubetta,Grayling,rgraylingdl@google.ca,Female
491,Mathias,Simmings,msimmingsdm@gov.uk,Male
492,Sherlocke,Gasker,sgaskerdn@dmoz.org,Male
493,Joelie,Ghiriardelli,jghiriardellido@clickbank.net,Female
494,Burt,Branton,bbrantondp@boston.com,Male
495,Sigfrid,Boor,sboordq@ihg.com,Male
496,Selig,Dearth,sdearthdr@weebly.com,Male
497,Deeyn,Creedland,dcreedlandds@google.ca,Female
498,Porty,Kleinsinger,pkleinsingerdt@e-recht24.de,Male
499,Jenelle,Clewes,jclewesdu@stumbleupon.com,Female
500,Rodina,Kensitt,rkensittdv@fastcompany.com,Female
501,Hobart,Faire,hfairedw@com.com,Male
502,Vincents,Andrieux,vandrieuxdx@dion.ne.jp,Male
503,Sammie,Shere,ssheredy@wikimedia.org,Male
504,Jaquelin,Salmons,jsalmonsdz@tripod.com,Genderfluid
505,Tye,Gouldthorpe,tgouldthorpee0@amazon.co.jp,Male
506,Emmalynn,Pooke,epookee1@mapquest.com,Female
507,Waylon,Tobin,wtobine2@hhs.gov,Male
508,Latrena,Greetham,lgreethame3@slate.com,Female
509,Stirling,Vanne,svannee4@amazon.com,Male
510,Louise,Crinkley,lcrinkleye5@msn.com,Polygender
511,Camila,Caswill,ccaswille6@upenn.edu,Female
512,Ewart,Saphin,esaphine7@pen.io,Polygender
513,Trudi,Conan,tconane8@fastcompany.com,Female
514,Hanson,Guyton,hguytone9@npr.org,Male
515,Jacki,Crowter,jcrowterea@phoca.cz,Female
516,Beatriz,Castles,bcastleseb@wordpress.com,Female
517,Kelly,Cherry,kcherryec@1688.com,Male
518,Alia,Viles,avilesed@tinypic.com,Female
519,Spenser,Norcop,snorcopee@usnews.com,Non-binary
520,Valentine,Tulk,vtulkef@cafepress.com,Male
521,Lexi,Lindholm,llindholmeg@pagesperso-orange.fr,Genderqueer
522,Devan,Heustice,dheusticeeh@livejournal.com,Female
523,Gloriana,Rebbeck,grebbeckei@shinystat.com,Female
524,Prentiss,Gasgarth,pgasgarthej@exblog.jp,Male
525,Fletcher,Lehon,flehonek@mysql.com,Male
526,Annadiane,Eckhard,aeckhardel@ebay.co.uk,Genderfluid
527,Ryann,Jime,rjimeem@toplist.cz,Female
528,Timmie,Bursnoll,tbursnollen@cam.ac.uk,Female
529,Kyle,Poulney,kpoulneyeo@examiner.com,Male
530,Pavlov,Howatt,phowattep@hibu.com,Male
531,Hilton,Bubbear,hbubbeareq@tinypic.com,Male
532,Pat,Delap,pdelaper@netvibes.com,Female
533,Emelen,Nottram,enottrames@ucoz.ru,Agender
534,Laraine,Olkowicz,lolkowiczet@fda.gov,Female
535,Peter,Pryce,ppryceeu@livejournal.com,Male
536,Filippo,Foulcher,ffoulcherev@plala.or.jp,Male
537,Johnnie,Imlach,jimlachew@discovery.com,Male
538,Gregoor,Stetlye,gstetlyeex@skyrock.com,Male
539,Dacy,Kuller,dkullerey@google.es,Female
540,Conrade,Ilem,cilemez@csmonitor.com,Male
541,Immanuel,Parrington,iparringtonf0@howstuffworks.com,Male
542,Jordan,Stickel,jstickelf1@wordpress.com,Female
543,Didi,Dussy,ddussyf2@istockphoto.com,Female
544,Archie,Indgs,aindgsf3@marriott.com,Male
545,Harp,Begent,hbegentf4@apache.org,Male
546,Ahmed,Pollendine,apollendinef5@merriam-webster.com,Male
547,Dunc,Boswell,dboswellf6@digg.com,Male
548,Lurlene,Pennetta,lpennettaf7@slideshare.net,Non-binary
549,Tildy,des Remedios,tdesremediosf8@studiopress.com,Female
550,Nevile,Klousner,nklousnerf9@engadget.com,Male
551,Rutledge,McLaughlan,rmclaughlanfa@nbcnews.com,Male
552,Ruddy,Normanvill,rnormanvillfb@springer.com,Male
553,Tracey,Didball,tdidballfc@alibaba.com,Female
554,Reyna,Mulvagh,rmulvaghfd@epa.gov,Female
555,Gerek,Bashford,gbashfordfe@bluehost.com,Male
556,Ferrell,Stampfer,fstampferff@miibeian.gov.cn,Male
557,Liz,Betchley,lbetchleyfg@gravatar.com,Female
558,Elbert,Girling,egirlingfh@slashdot.org,Male
559,Bogey,Renehan,brenehanfi@vkontakte.ru,Male
560,Codi,Blaney,cblaneyfj@ifeng.com,Non-binary
561,Kessiah,Prestage,kprestagefk@1und1.de,Agender
562,Maryann,Georghiou,mgeorghioufl@google.ca,Female
563,Vernice,Hudspeth,vhudspethfm@time.com,Female
564,Estele,Alder,ealderfn@omniture.com,Female
565,Adriana,Corrett,acorrettfo@parallels.com,Female
566,Minette,Owtram,mowtramfp@unc.edu,Female
567,Whitaker,Carnaman,wcarnamanfq@facebook.com,Bigender
568,Kinny,Broxholme,kbroxholmefr@over-blog.com,Male
569,Cecilia,Ayree,cayreefs@1und1.de,Female
570,Bret,Osbourn,bosbournft@godaddy.com,Genderqueer
571,Allyn,Prozescky,aprozesckyfu@drupal.org,Female
572,Winfield,Cowtherd,wcowtherdfv@sbwire.com,Male
573,Allison,Gorse,agorsefw@photobucket.com,Bigender
574,Elwyn,Rosewell,erosewellfx@eepurl.com,Male
575,Ami,Orange,aorangefy@nasa.gov,Female
576,Boonie,Siveyer,bsiveyerfz@geocities.com,Male
577,Lianne,Daice,ldaiceg0@t-online.de,Female
578,Zarah,Puttan,zputtang1@ebay.com,Female
579,Sayre,Stanway,sstanwayg2@alexa.com,Bigender
580,Barbee,Bruneton,bbrunetong3@cmu.edu,Female
581,Trip,Dudny,tdudnyg4@amazon.com,Male
582,Toinette,Zannetti,tzannettig5@addthis.com,Female
583,Dominick,Jzhakov,djzhakovg6@harvard.edu,Male
584,Camellia,Demaine,cdemaineg7@parallels.com,Female
585,Damita,Follacaro,dfollacarog8@rakuten.co.jp,Female
586,Putnam,Boatman,pboatmang9@mit.edu,Male
587,Kendrick,Halso,khalsoga@globo.com,Male
588,Putnem,Mitchelson,pmitchelsongb@nasa.gov,Male
589,Ferdy,Kleehuhler,fkleehuhlergc@ezinearticles.com,Bigender
590,Wenona,Keays,wkeaysgd@hatena.ne.jp,Female
591,Anderson,Dallander,adallanderge@telegraph.co.uk,Male
592,Marlin,Sheircliffe,msheircliffegf@ask.com,Male
593,Pierrette,Vlasenkov,pvlasenkovgg@netvibes.com,Female
594,Evelina,Cleaton,ecleatongh@abc.net.au,Female
595,Evangelina,Brandsma,ebrandsmagi@harvard.edu,Female
596,Ralina,Litchfield,rlitchfieldgj@meetup.com,Female
597,Matilde,Baudinet,mbaudinetgk@sakura.ne.jp,Non-binary
598,Lindon,Ren,lrengl@reverbnation.com,Male
599,Field,Rome,fromegm@apache.org,Male
600,Sascha,Winmill,swinmillgn@cisco.com,Male
601,Kary,Sircombe,ksircombego@cdbaby.com,Female
602,Merry,Fessions,mfessionsgp@simplemachines.org,Male
603,Conny,O'Crowley,cocrowleygq@uiuc.edu,Male
604,Inesita,Pigden,ipigdengr@mac.com,Female
605,Dukey,McCann,dmccanngs@ox.ac.uk,Male
606,Duffy,Freddi,dfreddigt@google.com,Male
607,Melissa,Kivelle,mkivellegu@github.com,Female
608,Teddy,Draye,tdrayegv@newyorker.com,Male
609,Malia,Bellchamber,mbellchambergw@reddit.com,Female
610,Byrle,Hanratty,bhanrattygx@comcast.net,Male
611,Eugene,McCarron,emccarrongy@bing.com,Male
612,Katrinka,Satterley,ksatterleygz@state.gov,Agender
613,Fin,Larder,flarderh0@arstechnica.com,Male
614,Connie,Milillo,cmililloh1@seattletimes.com,Female
615,Gavan,Ridde,griddeh2@java.com,Male
616,Kissee,Muzzollo,kmuzzolloh3@yahoo.com,Female
617,Reid,Allom,rallomh4@webmd.com,Non-binary
618,Cirstoforo,Ivell,civellh5@google.com,Male
619,Frank,Vance,fvanceh6@altervista.org,Male
620,Waylon,Orgen,worgenh7@behance.net,Male
621,Sky,Frizell,sfrizellh8@hostgator.com,Male
622,Hamish,Gaffey,hgaffeyh9@so-net.ne.jp,Male
623,Ken,Goodrich,kgoodrichha@flavors.me,Bigender
624,Joella,Shergill,jshergillhb@psu.edu,Female
625,Bruno,Deabill,bdeabillhc@elpais.com,Male
626,Dody,McNellis,dmcnellishd@arizona.edu,Female
627,Pam,Toulamain,ptoulamainhe@cnbc.com,Bigender
628,Jorry,Church,jchurchhf@nyu.edu,Genderfluid
629,Hailee,Brent,hbrenthg@smh.com.au,Female
630,Bertine,Sparling,bsparlinghh@tumblr.com,Genderqueer
631,Toni,Newens,tnewenshi@ca.gov,Female
632,Conni,Rivallant,crivallanthj@ehow.com,Female
633,Anselma,Brameld,abrameldhk@biglobe.ne.jp,Female
634,Ly,Pybus,lpybushl@tripod.com,Male
635,Jelene,Vayro,jvayrohm@stumbleupon.com,Female
636,Ketti,Kissock,kkissockhn@hao123.com,Female
637,Tull,Brignall,tbrignallho@fda.gov,Male
638,Lisle,Raubheim,lraubheimhp@gov.uk,Male
639,Reggie,Ricardot,rricardothq@cnn.com,Male
640,Chevy,Le Noire,clenoirehr@elpais.com,Male
641,Rosaleen,Berrow,rberrowhs@tinypic.com,Female
642,Wolfgang,Bolus,wbolusht@hibu.com,Male
643,Phillipe,Dowd,pdowdhu@seattletimes.com,Male
644,Devondra,Izakoff,dizakoffhv@yolasite.com,Female
645,Yoshi,Palmer,ypalmerhw@un.org,Female
646,Berkly,Bassingham,bbassinghamhx@jalbum.net,Male
647,Sven,de Werk,sdewerkhy@illinois.edu,Male
648,Gerri,Doorbar,gdoorbarhz@cbslocal.com,Genderfluid
649,Isabel,Woodhouse,iwoodhousei0@oakley.com,Female
650,Roddie,Crayden,rcraydeni1@mapquest.com,Male
651,Judith,Stenhouse,jstenhousei2@networksolutions.com,Female
652,Tabbie,Cheston,tchestoni3@amazon.de,Male
653,Willis,Chatenet,wchateneti4@xinhuanet.com,Polygender
654,Chariot,Glasser,cglasseri5@jugem.jp,Male
655,Lindie,Cordobes,lcordobesi6@yolasite.com,Female
656,Ange,Bazoge,abazogei7@livejournal.com,Male
657,Siana,Longhi,slonghii8@patch.com,Female
658,Shir,Toner,stoneri9@nature.com,Bigender
659,Joaquin,Aitchison,jaitchisonia@chronoengine.com,Male
660,Alric,Brunel,abrunelib@technorati.com,Male
661,Marilin,Moule,mmouleic@washingtonpost.com,Female
662,Edith,Witter,ewitterid@sciencedirect.com,Female
663,Perl,Shermore,pshermoreie@prweb.com,Female
664,Sela,Fawson,sfawsonif@ted.com,Female
665,Marcellus,Friedenbach,mfriedenbachig@1688.com,Male
666,Bernardina,Burnand,bburnandih@csmonitor.com,Female
667,Lynett,McPhelimy,lmcphelimyii@naver.com,Female
668,Yanaton,Blois,ybloisij@harvard.edu,Male
669,Pattie,Whysall,pwhysallik@so-net.ne.jp,Agender
670,Josi,Brockwell,jbrockwellil@drupal.org,Female
671,Neils,Ticksall,nticksallim@shop-pro.jp,Male
672,Jewell,Coe,jcoein@admin.ch,Female
673,Elisha,Sammon,esammonio@etsy.com,Male
674,Guillema,Igonet,gigonetip@freewebs.com,Female
675,Dewain,Tilne,dtilneiq@reuters.com,Male
676,Madelena,Hutchens,mhutchensir@shareasale.com,Female
677,Meta,Ayton,maytonis@globo.com,Female
678,Fidela,Haywood,fhaywoodit@canalblog.com,Female
679,Daryl,Hanner,dhanneriu@hibu.com,Female
680,Maximo,Bufton,mbuftoniv@opensource.org,Male
681,Emilie,Bilborough,ebilboroughiw@fotki.com,Female
682,Lanae,McTerry,lmcterryix@marketwatch.com,Female
683,Berrie,Bernardelli,bbernardelliiy@last.fm,Female
684,Filippa,Monger,fmongeriz@ycombinator.com,Polygender
685,Sheryl,Danzey,sdanzeyj0@imgur.com,Female
686,Emmaline,Magwood,emagwoodj1@hexun.com,Female
687,Rustin,Christou,rchristouj2@webs.com,Male
688,Hobie,Nollet,hnolletj3@de.vu,Male
689,Berkly,Abramowitch,babramowitchj4@go.com,Male
690,Laureen,Bellin,lbellinj5@soundcloud.com,Female
691,Agathe,Gaunt,agauntj6@qq.com,Polygender
692,Alfie,Bletsor,abletsorj7@surveymonkey.com,Male
693,Adey,Ragsdale,aragsdalej8@forbes.com,Female
694,Rooney,Tweede,rtweedej9@delicious.com,Male
695,Blinny,Crame,bcrameja@privacy.gov.au,Female
696,Farlay,McDonagh,fmcdonaghjb@thetimes.co.uk,Male
697,Nickie,Wisson,nwissonjc@furl.net,Female
698,Alma,Dilston,adilstonjd@com.com,Female
699,Broddie,Stirton,bstirtonje@tripadvisor.com,Male
700,Krishna,Bodd,kboddjf@archive.org,Male
701,Cherilyn,Riden,cridenjg@webmd.com,Agender
702,Thorsten,Klimschak,tklimschakjh@github.io,Male
703,Brooks,Antusch,bantuschji@shareasale.com,Male
704,Dorris,Cheyenne,dcheyennejj@etsy.com,Female
705,Shea,Winkett,swinkettjk@soundcloud.com,Male
706,Briggs,Chafney,bchafneyjl@seattletimes.com,Male
707,Fiona,Clixby,fclixbyjm@techcrunch.com,Female
708,Shem,Galilee,sgalileejn@indiatimes.com,Agender
709,Arri,Mucklo,amucklojo@hubpages.com,Male
710,Harley,Tantum,htantumjp@sciencedaily.com,Female
711,Hester,Tuckwell,htuckwelljq@facebook.com,Female
712,Danette,Floris,dflorisjr@pen.io,Female
713,Goober,Cordet,gcordetjs@friendfeed.com,Bigender
714,Nye,O'Hartnett,nohartnettjt@ebay.com,Male
715,Charley,Zipsell,czipsellju@tiny.cc,Male
716,Lonna,Ducarel,lducareljv@google.com.hk,Female
717,Fayina,Sellner,fsellnerjw@weather.com,Female
718,Randall,Grelak,rgrelakjx@gmpg.org,Male
719,Florie,McLanachan,fmclanachanjy@icio.us,Female
720,Gothart,Bendelow,gbendelowjz@barnesandnoble.com,Male
721,Salem,Wigg,swiggk0@smh.com.au,Male
722,Even,Anselm,eanselmk1@hc360.com,Male
723,Irving,Harner,iharnerk2@biblegateway.com,Male
724,Staford,Reedick,sreedickk3@mysql.com,Male
725,Flossi,Heyworth,fheyworthk4@google.com.hk,Non-binary
726,Berry,Cullinan,bcullinank5@jimdo.com,Non-binary
727,Zsa zsa,Narrie,znarriek6@senate.gov,Female
728,Godart,Rudgard,grudgardk7@hud.gov,Male
729,Christie,Endon,cendonk8@lulu.com,Female
730,Dolores,Ridwood,dridwoodk9@usgs.gov,Female
731,Eldredge,Maleby,emalebyka@cnet.com,Polygender
732,Gherardo,Peffer,gpefferkb@booking.com,Male
733,Joby,Petruskevich,jpetruskevichkc@ft.com,Female
734,Regine,Heasman,rheasmankd@liveinternet.ru,Female
735,Suzann,Lammerich,slammerichke@msn.com,Female
736,Steffen,Nowakowska,snowakowskakf@statcounter.com,Male
737,Fayth,Branchflower,fbranchflowerkg@bizjournals.com,Female
738,Rogerio,Dibdin,rdibdinkh@ifeng.com,Male
739,Grissel,Adriaens,gadriaenski@google.es,Female
740,Aksel,Thomel,athomelkj@biblegateway.com,Male
741,Roxine,O'Gavin,rogavinkk@scientificamerican.com,Female
742,Westley,Meddick,wmeddickkl@nymag.com,Male
743,Imelda,Stranaghan,istranaghankm@wikispaces.com,Female
744,Ginnifer,Foss,gfosskn@free.fr,Female
745,Moll,McCarle,mmccarleko@nba.com,Female
746,Jamal,Heyns,jheynskp@pbs.org,Male
747,Kienan,Port,kportkq@ihg.com,Male
748,Andrea,Eustace,aeustacekr@nsw.gov.au,Male
749,Tommie,Juett,tjuettks@vk.com,Female
750,Denver,Creasey,dcreaseykt@dion.ne.jp,Male
751,Vail,Cordoba,vcordobaku@unesco.org,Male
752,Garrik,Ambrosio,gambrosiokv@salon.com,Male
753,Merrel,Wield,mwieldkw@earthlink.net,Male
754,Erin,Bobasch,ebobaschkx@skype.com,Female
755,Myrvyn,Kinsella,mkinsellaky@addthis.com,Male
756,Khalil,Burchnall,kburchnallkz@e-recht24.de,Male
757,Faythe,Lathee,flatheel0@ovh.net,Female
758,Ewen,Putt,eputtl1@mail.ru,Male
759,Dinah,Seedhouse,dseedhousel2@youtu.be,Female
760,Misha,Matchett,mmatchettl3@ox.ac.uk,Agender
761,Gonzalo,Dax,gdaxl4@newyorker.com,Male
762,Deane,Ellaman,dellamanl5@wordpress.com,Female
763,Alick,Mcsarry,amcsarryl6@telegraph.co.uk,Male
764,Masha,Salters,msaltersl7@devhub.com,Polygender
765,Massimiliano,Rawlings,mrawlingsl8@independent.co.uk,Male
766,Francoise,Crewes,fcrewesl9@hao123.com,Female
767,Gayel,McTurley,gmcturleyla@seesaa.net,Female
768,Rea,Cokayne,rcokaynelb@quantcast.com,Female
769,Dud,FitzGibbon,dfitzgibbonlc@forbes.com,Male
770,Erskine,Heiss,eheissld@nyu.edu,Male
771,Gae,Glanert,gglanertle@google.ru,Female
772,Kerrill,Yukhin,kyukhinlf@freewebs.com,Female
773,Kaila,Devonald,kdevonaldlg@cbslocal.com,Female
774,Arnuad,Antonutti,aantonuttilh@twitpic.com,Male
775,Rhett,Shorey,rshoreyli@spotify.com,Agender
776,Josy,Side,jsidelj@dion.ne.jp,Female
777,Berthe,Darrach,bdarrachlk@free.fr,Female
778,Linnell,Potter,lpotterll@oakley.com,Female
779,Berti,Ewens,bewenslm@lycos.com,Female
780,Bessy,Lemmen,blemmenln@toplist.cz,Polygender
781,Ric,Rebanks,rrebankslo@stumbleupon.com,Male
782,Storm,Proffer,sprofferlp@toplist.cz,Female
783,Harrietta,Adami,hadamilq@shop-pro.jp,Female
784,Wandie,Benedidick,wbenedidicklr@about.com,Agender
785,Auguste,Smout,asmoutls@skype.com,Female
786,Livvyy,Smead,lsmeadlt@google.ru,Female
787,Manon,Smerdon,msmerdonlu@163.com,Female
788,Cristiano,Simpkiss,csimpkisslv@deviantart.com,Male
789,Adrian,De Winton,adewintonlw@foxnews.com,Male
790,Shannah,Brogan,sbroganlx@tinypic.com,Female
791,Renee,Lutman,rlutmanly@pbs.org,Female
792,Rossy,Kemmish,rkemmishlz@mozilla.org,Male
793,Clair,Crompton,ccromptonm0@omniture.com,Polygender
794,Alistair,Tills,atillsm1@dailymotion.com,Male
795,Guinevere,Vignaux,gvignauxm2@simplemachines.org,Female
796,Frannie,Rembrant,frembrantm3@xrea.com,Male
797,Jeniece,Bangs,jbangsm4@altervista.org,Female
798,Isidoro,Granleese,igranleesem5@twitpic.com,Male
799,Tremaine,Btham,tbthamm6@ed.gov,Male
800,Stace,Sisnett,ssisnettm7@ft.com,Female
801,Carlee,Akester,cakesterm8@technorati.com,Female
802,Lydia,McIlraith,lmcilraithm9@networkadvertising.org,Female
803,Kim,Igo,kigoma@vk.com,Male
804,Adriano,Aiston,aaistonmb@auda.org.au,Male
805,Athena,Chrichton,achrichtonmc@go.com,Female
806,Madelina,Meddemmen,mmeddemmenmd@weebly.com,Female
807,Jessamyn,Bachshell,jbachshellme@redcross.org,Female
808,Fiorenze,Roelofs,froelofsmf@nymag.com,Female
809,Valentina,Cella,vcellamg@apache.org,Female
810,Aeriel,Mc Mechan,amcmechanmh@last.fm,Female
811,Cesare,de Marco,cdemarcomi@reverbnation.com,Male
812,Armando,Pittock,apittockmj@facebook.com,Male
813,Somerset,Trinder,strindermk@bing.com,Genderfluid
814,Karilynn,Obbard,kobbardml@wunderground.com,Female
815,Shelagh,Blomfield,sblomfieldmm@cmu.edu,Female
816,Gillian,Reditt,gredittmn@sphinn.com,Female
817,Budd,Brettell,bbrettellmo@webs.com,Male
818,Kissee,Romero,kromeromp@etsy.com,Female
819,Cody,Eggins,cegginsmq@dailymail.co.uk,Genderfluid
820,Merrily,Halahan,mhalahanmr@tumblr.com,Female
821,Quillan,Jeffers,qjeffersms@baidu.com,Male
822,Bay,Crossan,bcrossanmt@prnewswire.com,Bigender
823,Fax,Huster,fhustermu@ihg.com,Male
824,Shanie,Pinkard,spinkardmv@sciencedirect.com,Female
825,Ricardo,Cohani,rcohanimw@fastcompany.com,Bigender
826,Gerard,Witten,gwittenmx@harvard.edu,Male
827,Dyanna,McCourtie,dmccourtiemy@weibo.com,Genderqueer
828,Jorey,Wellings,jwellingsmz@phoca.cz,Non-binary
829,Al,Stockford,astockfordn0@adobe.com,Male
830,Jonathon,Jahnel,jjahneln1@walmart.com,Male
831,Brice,Olphert,bolphertn2@businesswire.com,Male
832,Sidney,Valenti,svalentin3@omniture.com,Male
833,Victoria,Rupel,vrupeln4@live.com,Female
834,Zandra,Quinby,zquinbyn5@newsvine.com,Female
835,Cristin,Duce,cducen6@admin.ch,Female
836,Adara,Dedrick,adedrickn7@creativecommons.org,Female
837,Neda,Tollerfield,ntollerfieldn8@bbc.co.uk,Female
838,Nehemiah,Bassick,nbassickn9@reverbnation.com,Male
839,Anya,Wann,awannna@smh.com.au,Female
840,Gretal,Melley,gmelleynb@vk.com,Female
841,Rodolph,Jumel,rjumelnc@ask.com,Male
842,Corri,Yegoshin,cyegoshinnd@umich.edu,Female
843,Denyse,Kuban,dkubanne@npr.org,Female
844,Carver,Domanski,cdomanskinf@uol.com.br,Male
845,Pace,Ducarne,pducarneng@amazon.co.jp,Male
846,Alice,Manuele,amanuelenh@livejournal.com,Female
847,Devin,de Aguirre,ddeaguirreni@rambler.ru,Male
848,Henri,Kinkead,hkinkeadnj@1688.com,Male
849,Bobbie,Godley,bgodleynk@goo.ne.jp,Male
850,Stevy,O'Hederscoll,sohederscollnl@europa.eu,Male
851,Marietta,Slimings,mslimingsnm@reuters.com,Male
852,Simone,Abrahim,sabrahimnn@hc360.com,Male
853,Gayle,Castagnet,gcastagnetno@topsy.com,Female
854,Blythe,Ritzman,britzmannp@amazonaws.com,Female
855,Minor,Illing,millingnq@nydailynews.com,Male
856,Eliza,Cardenoso,ecardenosonr@sciencedaily.com,Female
857,Hube,Pull,hpullns@nps.gov,Male
858,Byram,Drains,bdrainsnt@cam.ac.uk,Male
859,Frankie,Hessenthaler,fhessenthalernu@shop-pro.jp,Female
860,Gunar,Polgreen,gpolgreennv@mlb.com,Male
861,Vincents,Hamman,vhammannw@phpbb.com,Male
862,Aleksandr,Crecy,acrecynx@wiley.com,Male
863,Barn,de Chastelain,bdechastelainny@imgur.com,Male
864,Cornelia,Vuittet,cvuittetnz@google.cn,Female
865,Dahlia,Veall,dveallo0@sakura.ne.jp,Female
866,Gabi,Ende,gendeo1@newsvine.com,Female
867,Timofei,Charlewood,tcharlewoodo2@nasa.gov,Male
868,Sari,Battson,sbattsono3@slashdot.org,Non-binary
869,Kevyn,Zini,kzinio4@psu.edu,Female
870,Glynn,Dubois,gduboiso5@cisco.com,Male
871,Tommy,Woodham,twoodhamo6@time.com,Male
872,Shanna,Petrello,spetrelloo7@google.co.jp,Female
873,Bathsheba,Brodhead,bbrodheado8@deviantart.com,Female
874,Rolando,MacCosty,rmaccostyo9@mediafire.com,Male
875,Estevan,Hearst,ehearstoa@google.pl,Male
876,Cal,Shillan,cshillanob@163.com,Female
877,Bronnie,Straun,bstraunoc@theatlantic.com,Male
878,Rudyard,Learmont,rlearmontod@google.co.jp,Male
879,Sibyl,Lobb,slobboe@businessweek.com,Male
880,Wainwright,Mason,wmasonof@merriam-webster.com,Male
881,Ermengarde,Harbach,eharbachog@umich.edu,Female
882,L;urette,McDermott,lmcdermottoh@wix.com,Female
883,Ambrosio,Emmines,aemminesoi@imdb.com,Male
884,Illa,Del Dello,ideldellooj@cornell.edu,Female
885,Shawn,Pfaffel,spfaffelok@ucsd.edu,Female
886,Lurette,McDonald,lmcdonaldol@scribd.com,Female
887,Bell,Ehrat,behratom@miitbeian.gov.cn,Agender
888,Orlando,Del Castello,odelcastelloon@ed.gov,Male
889,Tamra,Seid,tseidoo@usgs.gov,Female
890,Wiatt,Malkie,wmalkieop@blog.com,Bigender
891,Kaleb,Eadmeads,keadmeadsoq@blinklist.com,Male
892,Katrina,Linkleter,klinkleteror@miitbeian.gov.cn,Female
893,Mariele,Fabri,mfabrios@elegantthemes.com,Female
894,Royce,Videneev,rvideneevot@pagesperso-orange.fr,Polygender
895,Doloritas,Sleeman,dsleemanou@java.com,Female
896,Filbert,Atwel,fatwelov@businesswire.com,Male
897,Nissy,Dalrymple,ndalrympleow@cmu.edu,Female
898,Kessiah,Zimmer,kzimmerox@facebook.com,Female
899,Abbey,Heinschke,aheinschkeoy@bbc.co.uk,Genderqueer
900,Giovanni,Dutch,gdutchoz@chronoengine.com,Male
901,Kerk,Chiene,kchienep0@odnoklassniki.ru,Male
902,Estele,Ennion,eennionp1@europa.eu,Female
903,Elke,Drewitt,edrewittp2@photobucket.com,Female
904,Fredia,Dominguez,fdominguezp3@deviantart.com,Female
905,Otis,Doige,odoigep4@home.pl,Male
906,Alena,Liell,aliellp5@live.com,Female
907,Edward,Vaneschi,evaneschip6@nsw.gov.au,Male
908,Eolande,Ghidoni,eghidonip7@sogou.com,Female
909,Mikael,Chasmar,mchasmarp8@forbes.com,Male
910,Cariotta,Roxbrough,croxbroughp9@hubpages.com,Genderfluid
911,Nari,Jennery,njennerypa@vistaprint.com,Female
912,Hammad,Tasker,htaskerpb@github.io,Male
913,Mitchael,McEachern,mmceachernpc@yolasite.com,Male
914,Rachel,Dimitriou,rdimitrioupd@wikia.com,Female
915,Nerti,Borzone,nborzonepe@reverbnation.com,Bigender
916,Dedie,Jenks,djenkspf@about.me,Female
917,Carmelita,Ogilvy,cogilvypg@google.nl,Female
918,Lyn,Dudson,ldudsonph@goo.gl,Male
919,Anet,Celand,acelandpi@loc.gov,Female
920,Aubrette,Jaquet,ajaquetpj@meetup.com,Female
921,Andonis,Mazonowicz,amazonowiczpk@mysql.com,Male
922,Laurie,Haliburton,lhaliburtonpl@foxnews.com,Male
923,Stace,Chotty,schottypm@google.fr,Female
924,Amandy,Micklewicz,amicklewiczpn@ca.gov,Female
925,Mercedes,Tolworthy,mtolworthypo@bluehost.com,Female
926,Tonye,Jancso,tjancsopp@irs.gov,Female
927,Joletta,Nairns,jnairnspq@sourceforge.net,Genderfluid
928,Reinald,Digges,rdiggespr@etsy.com,Male
929,Lucky,Peagrim,lpeagrimps@vinaora.com,Female
930,Duky,Izkovicz,dizkoviczpt@sbwire.com,Male
931,Carlee,Partener,cpartenerpu@wunderground.com,Female
932,Boonie,Frayne,bfraynepv@myspace.com,Male
933,Urson,Spradbery,uspradberypw@surveymonkey.com,Polygender
934,Shay,Matushevitz,smatushevitzpx@comsenz.com,Female
935,Kalina,Strattan,kstrattanpy@un.org,Female
936,Magdalen,Wyllt,mwylltpz@flavors.me,Female
937,Adel,Poluzzi,apoluzziq0@washington.edu,Female
938,Giulio,Kubacki,gkubackiq1@com.com,Male
939,Stormie,de la Tremoille,sdelatremoilleq2@chron.com,Female
940,Andeee,Wank,awankq3@ow.ly,Female
941,Laurie,de Copeman,ldecopemanq4@auda.org.au,Male
942,Alis,Hay,ahayq5@clickbank.net,Female
943,Corette,Dorwood,cdorwoodq6@about.me,Female
944,Raviv,Daft,rdaftq7@springer.com,Male
945,Julieta,Carneck,jcarneckq8@cmu.edu,Female
946,Gennie,Stener,gstenerq9@jalbum.net,Female
947,Cornie,Rowter,crowterqa@guardian.co.uk,Female
948,Tamra,Withrington,twithringtonqb@weather.com,Female
949,Lorene,Stummeyer,lstummeyerqc@networkadvertising.org,Agender
950,Ric,Moneti,rmonetiqd@mlb.com,Male
951,Gill,Douse,gdouseqe@va.gov,Female
952,Trixy,Von Helmholtz,tvonhelmholtzqf@yolasite.com,Female
953,Olivette,Hobbema,ohobbemaqg@cnn.com,Female
954,Dannie,Delaprelle,ddelaprelleqh@purevolume.com,Male
955,Elvira,Crisall,ecrisallqi@google.com.hk,Female
956,Emmit,Delgardo,edelgardoqj@home.pl,Male
957,Dino,Gages,dgagesqk@comsenz.com,Male
958,Harmonia,Medcraft,hmedcraftql@imdb.com,Female
959,Ursulina,Tither,utitherqm@webs.com,Female
960,Cirillo,McElwee,cmcelweeqn@npr.org,Polygender
961,Mair,Samson,msamsonqo@spotify.com,Female
962,Leonardo,Beswetherick,lbeswetherickqp@facebook.com,Male
963,Branden,Bilby,bbilbyqq@miibeian.gov.cn,Male
964,Adan,Van Oord,avanoordqr@dedecms.com,Male
965,Eleni,Roizn,eroiznqs@cnbc.com,Non-binary
966,Loni,Berntsson,lberntssonqt@princeton.edu,Female
967,Lulita,Tremathack,ltremathackqu@epa.gov,Female
968,Clarissa,Andreolli,candreolliqv@flavors.me,Female
969,Brodie,Siuda,bsiudaqw@tuttocitta.it,Male
970,Cecily,McGriffin,cmcgriffinqx@blogs.com,Female
971,Monti,MacMillan,mmacmillanqy@reverbnation.com,Male
972,Carroll,Askin,caskinqz@slideshare.net,Male
973,Morie,Cess,mcessr0@latimes.com,Male
974,Arturo,Grassot,agrassotr1@intel.com,Male
975,Gwendolin,Haggarty,ghaggartyr2@buzzfeed.com,Bigender
976,Jaquelyn,Landsbury,jlandsburyr3@youtube.com,Female
977,Layla,Jerschke,ljerschker4@dot.gov,Female
978,Delila,Pomfrett,dpomfrettr5@privacy.gov.au,Female
979,Tricia,Barszczewski,tbarszczewskir6@so-net.ne.jp,Female
980,Munroe,Bremen,mbremenr7@google.cn,Male
981,Bryon,Madeley,bmadeleyr8@fda.gov,Male
982,Adria,Zoane,azoaner9@hc360.com,Female
983,Ryley,Arrowsmith,rarrowsmithra@apple.com,Male
984,Grayce,Dundon,gdundonrb@devhub.com,Female
985,Casi,Jerams,cjeramsrc@soup.io,Female
986,Angela,Beekman,abeekmanrd@wsj.com,Female
987,Aila,Trewinnard,atrewinnardre@nationalgeographic.com,Female
988,Luci,Habercham,lhaberchamrf@omniture.com,Female
989,L;urette,Olenchenko,lolenchenkorg@japanpost.jp,Female
990,Rafa,Durnall,rdurnallrh@gmpg.org,Female
991,Melonie,Schlagh,mschlaghri@rambler.ru,Female
992,Johnny,De Cristoforo,jdecristofororj@vk.com,Male
993,Munmro,Matyushkin,mmatyushkinrk@ezinearticles.com,Genderfluid
994,Darryl,Binfield,dbinfieldrl@mapquest.com,Polygender
995,Malory,Burhouse,mburhouserm@linkedin.com,Female
996,Myron,Anand,manandrn@myspace.com,Male
997,Oralia,Richardeau,orichardeauro@163.com,Female
998,Glad,Kinig,gkinigrp@cam.ac.uk,Female
999,Ernie,O'Rudden,eoruddenrq@bravesites.com,Male
1000,Laryssa,Burwood,lburwoodrr@netlog.com,Female
